Strategy,Tier,Wins,Losses,Winrate
2e1h2m0j,Overall,10,1,0.9090909090909091
2e1h2m0j,Pro,2,1,0.6666666666666666
2e1h2m0j,Normal,2,0,1.0
2e1h2m0j,VeryHigh,4,0,1.0
2e1h2m0j,High,2,0,1.0
2e0h0m3j,Overall,1,0,1.0
2e0h0m3j,High,1,0,1.0
0e1h2m2j,Overall,0,1,0.0
0e1h2m2j,Pro,0,1,0.0
1e1h1m2j,Overall,41,37,0.5256410256410257
1e1h1m2j,Pro,24,19,0.5581395348837209
1e1h1m2j,Normal,1,1,0.5
1e1h1m2j,VeryHigh,11,14,0.44
1e1h1m2j,High,5,3,0.625
3e1h1m0j,Overall,8,14,0.36363636363636365
3e1h1m0j,Pro,0,1,0.0
3e1h1m0j,Normal,2,2,0.5
3e1h1m0j,VeryHigh,2,4,0.3333333333333333
3e1h1m0j,High,4,7,0.36363636363636365
2e3h0m0j,Overall,0,1,0.0
2e3h0m0j,Normal,0,1,0.0
1e2h1m1j,Overall,33,22,0.6
1e2h1m1j,Pro,4,5,0.4444444444444444
1e2h1m1j,Normal,14,5,0.7368421052631579
1e2h1m1j,VeryHigh,8,8,0.5
1e2h1m1j,High,7,4,0.6363636363636364
3e1h0m1j,Overall,1,0,1.0
3e1h0m1j,VeryHigh,1,0,1.0
1e2h2m0j,Overall,5,0,1.0
1e2h2m0j,Pro,3,0,1.0
1e2h2m0j,VeryHigh,2,0,1.0
0e1h1m3j,Overall,0,2,0.0
0e1h1m3j,Pro,0,1,0.0
0e1h1m3j,VeryHigh,0,1,0.0
2e1h1m1j,Overall,44,37,0.5432098765432098
2e1h1m1j,Pro,7,5,0.5833333333333334
2e1h1m1j,Normal,2,1,0.6666666666666666
2e1h1m1j,VeryHigh,17,13,0.5666666666666667
2e1h1m1j,High,18,18,0.5
2e0h1m2j,Overall,0,2,0.0
2e0h1m2j,Pro,0,2,0.0
1e3h1m0j,Overall,8,11,0.42105263157894735
1e3h1m0j,Pro,1,1,0.5
1e3h1m0j,Normal,3,2,0.6
1e3h1m0j,VeryHigh,1,2,0.3333333333333333
1e3h1m0j,High,3,6,0.3333333333333333
1e1h2m1j,Overall,2,7,0.2222222222222222
1e1h2m1j,Pro,2,5,0.2857142857142857
1e1h2m1j,VeryHigh,0,2,0.0
2e2h1m0j,Overall,36,50,0.4186046511627907
2e2h1m0j,Normal,25,37,0.4032258064516129
2e2h1m0j,VeryHigh,4,3,0.5714285714285714
2e2h1m0j,High,7,10,0.4117647058823529
1e0h1m3j,Overall,5,8,0.38461538461538464
1e0h1m3j,Pro,4,6,0.4
1e0h1m3j,VeryHigh,0,2,0.0
1e0h1m3j,High,1,0,1.0
1e2h0m2j,Overall,0,1,0.0
1e2h0m2j,VeryHigh,0,1,0.0
