Strategy,Tier,Wins,Losses,Winrate
2e1h2m0j,Overall,7,1,0.875
2e1h2m0j,Pro,4,0,1.0
2e1h2m0j,VeryHigh,3,0,1.0
2e1h2m0j,High,0,1,0.0
0e1h2m2j,Overall,0,1,0.0
0e1h2m2j,Pro,0,1,0.0
1e1h1m2j,Overall,36,44,0.45
1e1h1m2j,Pro,22,25,0.46808510638297873
1e1h1m2j,VeryHigh,10,15,0.4
1e1h1m2j,High,4,4,0.5
3e1h1m0j,Overall,11,14,0.44
3e1h1m0j,Pro,1,3,0.25
3e1h1m0j,Normal,2,2,0.5
3e1h1m0j,VeryHigh,3,4,0.42857142857142855
3e1h1m0j,High,5,5,0.5
1e2h1m1j,Overall,33,20,0.6226415094339622
1e2h1m1j,Pro,5,6,0.45454545454545453
1e2h1m1j,Normal,16,3,0.8421052631578947
1e2h1m1j,VeryHigh,6,8,0.42857142857142855
1e2h1m1j,High,6,3,0.6666666666666666
1e2h2m0j,Overall,4,0,1.0
1e2h2m0j,Pro,3,0,1.0
1e2h2m0j,VeryHigh,1,0,1.0
0e1h1m3j,Overall,0,1,0.0
0e1h1m3j,Pro,0,1,0.0
3e0h1m1j,Overall,1,0,1.0
3e0h1m1j,High,1,0,1.0
3e2h0m0j,Overall,0,1,0.0
3e2h0m0j,High,0,1,0.0
2e1h1m1j,Overall,44,37,0.5432098765432098
2e1h1m1j,Pro,5,4,0.5555555555555556
2e1h1m1j,Normal,2,2,0.5
2e1h1m1j,VeryHigh,20,14,0.5882352941176471
2e1h1m1j,High,17,17,0.5
1e3h1m0j,Overall,11,12,0.4782608695652174
1e3h1m0j,Pro,2,0,1.0
1e3h1m0j,Normal,2,1,0.6666666666666666
1e3h1m0j,VeryHigh,3,4,0.42857142857142855
1e3h1m0j,High,4,7,0.36363636363636365
1e1h2m1j,Overall,1,4,0.2
1e1h2m1j,Pro,1,3,0.25
1e1h2m1j,VeryHigh,0,1,0.0
2e2h1m0j,Overall,41,54,0.43157894736842106
2e2h1m0j,Normal,27,41,0.39705882352941174
2e2h1m0j,VeryHigh,4,3,0.5714285714285714
2e2h1m0j,High,10,10,0.5
1e0h1m3j,Overall,5,4,0.5555555555555556
1e0h1m3j,Pro,4,4,0.5
1e0h1m3j,High,1,0,1.0
1e2h0m2j,Overall,0,1,0.0
1e2h0m2j,VeryHigh,0,1,0.0
