Strategy,Tier,Wins,Losses,Winrate
2e1h2m0j,Overall,4,2,0.6666666666666666
2e1h2m0j,Pro,3,2,0.6
2e1h2m0j,VeryHigh,1,0,1.0
1e2h2m0j,Overall,3,1,0.75
1e2h2m0j,Pro,3,1,0.75
0e1h1m3j,Overall,0,1,0.0
0e1h1m3j,Pro,0,1,0.0
2e1h1m1j,Overall,46,43,0.5168539325842697
2e1h1m1j,Pro,3,7,0.3
2e1h1m1j,Normal,2,2,0.5
2e1h1m1j,VeryHigh,22,15,0.5945945945945946
2e1h1m1j,High,19,19,0.5
1e3h1m0j,Overall,7,11,0.3888888888888889
1e3h1m0j,Pro,1,1,0.5
1e3h1m0j,VeryHigh,3,3,0.5
1e3h1m0j,High,3,7,0.3
1e1h2m1j,Overall,1,4,0.2
1e1h2m1j,Pro,1,2,0.3333333333333333
1e1h2m1j,VeryHigh,0,2,0.0
3e1h1m0j,Overall,9,10,0.47368421052631576
3e1h1m0j,Pro,1,2,0.3333333333333333
3e1h1m0j,Normal,1,1,0.5
3e1h1m0j,VeryHigh,2,2,0.5
3e1h1m0j,High,5,5,0.5
1e1h1m2j,Overall,43,39,0.524390243902439
1e1h1m2j,Pro,25,20,0.5555555555555556
1e1h1m2j,Normal,1,0,1.0
1e1h1m2j,VeryHigh,11,15,0.4230769230769231
1e1h1m2j,High,6,4,0.6
2e2h1m0j,Overall,48,55,0.46601941747572817
2e2h1m0j,Normal,32,41,0.4383561643835616
2e2h1m0j,VeryHigh,6,5,0.5454545454545454
2e2h1m0j,High,10,9,0.5263157894736842
1e0h1m3j,Overall,5,3,0.625
1e0h1m3j,Pro,5,3,0.625
1e2h1m1j,Overall,28,25,0.5283018867924528
1e2h1m1j,Pro,5,8,0.38461538461538464
1e2h1m1j,Normal,13,5,0.7222222222222222
1e2h1m1j,VeryHigh,5,8,0.38461538461538464
1e2h1m1j,High,5,4,0.5555555555555556
